"","ERR","IP","REF","SID","UID","LOC","TM","URL","DUR","BT","BL","LT","VID","CDNID","NETNAME"
"1","100000","84.143.123.30","http%3A%2F%2Fv.ifeng.com%2Fv%2Fnews%2Fcyw%2Findex.shtml%3F_v_rec1%23013272d5-5c18-4532-833a-726eda4588e2","#","1389310868304_kigodm1285","ips.ifeng.com","2015-05-31 04:59:042","http%3A%2F%2Fips.ifeng.com%2Fvideo19.ifeng.com%2Fvideo09%2F2015%2F05%2F29%2F3348490-102-008-2335.mp4",120,5412850,5412850,59526,"vNsPlayer_nsvp1.0.18","#","#"
"2","305000","84.143.123.30","http%3A%2F%2Fv.ifeng.com%2Fv%2Fnews%2Fcyw%2Findex.shtml%3F_v_rec1%23013272d5-5c18-4532-833a-726eda4588e2","#","1389310868304_kigodm1285","ips.ifeng.com","2015-05-31 04:59:042","http%3A%2F%2Fips.ifeng.com%2Fvideo19.ifeng.com%2Fvideo09%2F2015%2F05%2F29%2F3348490-102-008-2335.mp4",120,5412850,5412850,59526,"vNsPlayer_nsvp1.0.18","#","#"
"3","306004","84.143.123.30","http%3A%2F%2Fv.ifeng.com%2Fv%2Fnews%2Fcyw%2Findex.shtml%3F_v_rec1%23013272d5-5c18-4532-833a-726eda4588e2","#","1389310868304_kigodm1285","ips.ifeng.com","2015-05-31 04:59:042","http%3A%2F%2Fips.ifeng.com%2Fvideo19.ifeng.com%2Fvideo09%2F2015%2F05%2F29%2F3348490-102-008-2335.mp4",72,5412850,5412850,59526,"vNsPlayer_nsvp1.0.18","#","#"
"4","307000","84.143.123.30","http%3A%2F%2Fv.ifeng.com%2Fv%2Fnews%2Fcyw%2Findex.shtml%3F_v_rec1%23013272d5-5c18-4532-833a-726eda4588e2","#","1389310868304_kigodm1285","ips.ifeng.com","2015-05-31 04:59:042","http%3A%2F%2Fips.ifeng.com%2Fvideo19.ifeng.com%2Fvideo09%2F2015%2F05%2F29%2F3348490-102-008-2335.mp4",72,5412850,5412850,59526,"vNsPlayer_nsvp1.0.18","#","#"
"5","401000","84.143.123.30","http%3A%2F%2Fv.ifeng.com%2Fv%2Fnews%2Fcyw%2Findex.shtml%3F_v_rec1%23013272d5-5c18-4532-833a-726eda4588e2","#","1389310868304_kigodm1285","ips.ifeng.com","2015-05-31 04:59:045","http%3A%2F%2Fips.ifeng.com%2Fvideo19.ifeng.com%2Fvideo09%2F2015%2F05%2F29%2F3348486-102-008-2334.mp4",120,9034455,733130,74630,"vNsPlayer_nsvp1.0.18","#","#"
"6","404002","84.143.123.30","http%3A%2F%2Fv.ifeng.com%2Fv%2Fnews%2Fcyw%2Findex.shtml%3F_v_rec1%23013272d5-5c18-4532-833a-726eda4588e2","#","1389310868304_kigodm1285","ips.ifeng.com","2015-05-31 04:59:045","http%3A%2F%2Fips.ifeng.com%2Fvideo19.ifeng.com%2Fvideo09%2F2015%2F05%2F29%2F3348486-102-008-2334.mp4",120,9034455,733130,74647,"vNsPlayer_nsvp1.0.18","#","#"
"7","304001","84.143.123.30","http%3A%2F%2Fv.ifeng.com%2Fv%2Fnews%2Fcyw%2Findex.shtml%3F_v_rec1%23013272d5-5c18-4532-833a-726eda4588e2","#","1389310868304_kigodm1285","ips.ifeng.com","2015-05-31 05:00:001","http%3A%2F%2Fips.ifeng.com%2Fvideo19.ifeng.com%2Fvideo09%2F2015%2F05%2F29%2F3348486-102-008-2334.mp4",120,9034455,1018354,90916,"vNsPlayer_nsvp1.0.18","#","#"
"8","303000","84.143.123.30","http%3A%2F%2Fv.ifeng.com%2Fv%2Fnews%2Fcyw%2Findex.shtml%3F_v_rec1%23013272d5-5c18-4532-833a-726eda4588e2","#","1389310868304_kigodm1285","ips.ifeng.com","2015-05-31 05:00:012","http%3A%2F%2Fips.ifeng.com%2Fvideo19.ifeng.com%2Fvideo09%2F2015%2F05%2F29%2F3348486-102-008-2334.mp4",120,9034455,1145318,102226,"vNsPlayer_nsvp1.0.18","#","#"
"9","309001011","84.143.123.30","http%3A%2F%2Fv.ifeng.com%2Fv%2Fnews%2Fcyw%2Findex.shtml%3F_v_rec1%23013272d5-5c18-4532-833a-726eda4588e2","#","1389310868304_kigodm1285","ips.ifeng.com","2015-05-31 05:00:012","http%3A%2F%2Fips.ifeng.com%2Fvideo19.ifeng.com%2Fvideo09%2F2015%2F05%2F29%2F3348486-102-008-2334.mp4",120,9034455,1145318,102231,"vNsPlayer_nsvp1.0.18","#","#"
"10","304002","84.143.123.30","http%3A%2F%2Fv.ifeng.com%2Fv%2Fnews%2Fcyw%2Findex.shtml%3F_v_rec1%23013272d5-5c18-4532-833a-726eda4588e2","#","1389310868304_kigodm1285","ips.ifeng.com","2015-05-31 05:00:015","http%3A%2F%2Fips.ifeng.com%2Fvideo19.ifeng.com%2Fvideo09%2F2015%2F05%2F29%2F3348486-102-008-2334.mp4",120,9034455,1155318,104666,"vNsPlayer_nsvp1.0.18","#","#"
"11","309002009","84.143.123.30","http%3A%2F%2Fv.ifeng.com%2Fv%2Fnews%2Fcyw%2Findex.shtml%3F_v_rec1%23013272d5-5c18-4532-833a-726eda4588e2","#","1389310868304_kigodm1285","ips.ifeng.com","2015-05-31 05:00:024","http%3A%2F%2Fips.ifeng.com%2Fvideo19.ifeng.com%2Fvideo09%2F2015%2F05%2F29%2F3348486-102-008-2334.mp4",120,9034455,1230038,114225,"vNsPlayer_nsvp1.0.18","#","#"
"12","304003","84.143.123.30","http%3A%2F%2Fv.ifeng.com%2Fv%2Fnews%2Fcyw%2Findex.shtml%3F_v_rec1%23013272d5-5c18-4532-833a-726eda4588e2","#","1389310868304_kigodm1285","ips.ifeng.com","2015-05-31 05:00:027","http%3A%2F%2Fips.ifeng.com%2Fvideo19.ifeng.com%2Fvideo09%2F2015%2F05%2F29%2F3348486-102-008-2334.mp4",120,9034455,1246982,116437,"vNsPlayer_nsvp1.0.18","#","#"
"13","302000","106.37.177.106","http%3A%2F%2Fv.ifeng.com%2Fv%2Fnews%2Fnanhaijingjie%2Findex.shtml%2301a986e9-9f8e-4066-a0ff-cf372b294d38","#","1408686863467_ujmu2x3538","ips.ifeng.com","2015-05-31 05:57:040","http%3A%2F%2Fips.ifeng.com%2Fvideo19.ifeng.com%2Fvideo09%2F2015%2F05%2F30%2F3348806-102-0810.mp4",77,6726939,50846,375,"vNsPlayer_nsvp1.0.18","#","#"
"14","303000","106.37.177.106","http%3A%2F%2Fv.ifeng.com%2Fv%2Fnews%2Fnanhaijingjie%2Findex.shtml%2301a986e9-9f8e-4066-a0ff-cf372b294d38","#","1408686863467_ujmu2x3538","ips.ifeng.com","2015-05-31 05:57:040","http%3A%2F%2Fips.ifeng.com%2Fvideo19.ifeng.com%2Fvideo09%2F2015%2F05%2F30%2F3348806-102-0810.mp4",77,6726939,258166,750,"vNsPlayer_nsvp1.0.18","#","#"
"15","5000000","106.37.177.106","http%3A%2F%2Fv.ifeng.com%2Fv%2Fnews%2Fnanhaijingjie%2Findex.shtml%2301a986e9-9f8e-4066-a0ff-cf372b294d38","#","1408686863467_ujmu2x3538","ips.ifeng.com","2015-05-31 05:57:042","http%3A%2F%2Fips.ifeng.com%2Fvideo19.ifeng.com%2Fvideo09%2F2015%2F05%2F30%2F3348806-102-0810.mp4",77,6726939,850926,2047,"vNsPlayer_nsvp1.0.18","#","#"
"16","5000005","106.37.177.106","http%3A%2F%2Fv.ifeng.com%2Fv%2Fnews%2Fnanhaijingjie%2Findex.shtml%2301a986e9-9f8e-4066-a0ff-cf372b294d38","#","1408686863467_ujmu2x3538","ips.ifeng.com","2015-05-31 05:57:046","http%3A%2F%2Fips.ifeng.com%2Fvideo19.ifeng.com%2Fvideo09%2F2015%2F05%2F30%2F3348806-102-0810.mp4",77,6726939,2409820,6516,"vNsPlayer_nsvp1.0.18","#","#"
"17","601000","106.37.177.106","http%3A%2F%2Fv.ifeng.com%2Fv%2Fnews%2Fnanhaijingjie%2Findex.shtml%2301a986e9-9f8e-4066-a0ff-cf372b294d38","#","1408686863467_ujmu2x3538","ips.ifeng.com","2015-05-31 05:57:046","http%3A%2F%2Fips.ifeng.com%2Fvideo19.ifeng.com%2Fvideo09%2F2015%2F05%2F30%2F3348806-102-0810.mp4",77,6726939,2409820,6532,"vNsPlayer_nsvp1.0.18","#","#"
"18","602000","106.37.177.106","http%3A%2F%2Fv.ifeng.com%2Fv%2Fnews%2Fnanhaijingjie%2Findex.shtml%2301a986e9-9f8e-4066-a0ff-cf372b294d38","#","1408686863467_ujmu2x3538","ips.ifeng.com","2015-05-31 05:57:046","http%3A%2F%2Fips.ifeng.com%2Fvideo19.ifeng.com%2Fvideo09%2F2015%2F05%2F30%2F3348806-102-0810.mp4",77,6726939,2409820,6532,"vNsPlayer_nsvp1.0.18","#","#"
"19","109395","120.203.227.222","http%3A%2F%2Fv.ifeng.com%2Fv%2Fent%2Fzyjbd%2Findex.shtml%3F_v_www4%2301b7eb5d-a530-40dd-9860-02b137128cdc","#","1419469414833_k0a9o7268","#","2015-05-31 05:44:056","#",0,0,0,0,"vNsPlayer_nsvp1.0.18","#","#"
"20","100000","120.203.227.222","http%3A%2F%2Fv.ifeng.com%2Fv%2Fent%2Fzyjbd%2Findex.shtml%3F_v_www4%2301b7eb5d-a530-40dd-9860-02b137128cdc","#","1419469414833_k0a9o7268","#","2015-05-31 05:44:057","#",0,0,0,0,"vNsPlayer_nsvp1.0.18","#","#"
"21","3000000","120.203.227.222","http%3A%2F%2Fv.ifeng.com%2Fv%2Fent%2Fzyjbd%2Findex.shtml%3F_v_www4%2301b7eb5d-a530-40dd-9860-02b137128cdc","#","1419469414833_k0a9o7268","#","2015-05-31 05:44:057","#",0,0,0,0,"vNsPlayer_nsvp1.0.18","#","#"
"22","4000001","120.203.227.222","http%3A%2F%2Fv.ifeng.com%2Fv%2Fent%2Fzyjbd%2Findex.shtml%3F_v_www4%2301b7eb5d-a530-40dd-9860-02b137128cdc","#","1419469414833_k0a9o7268","ips.ifeng.com","2015-05-31 05:45:008","http%3A%2F%2Fips.ifeng.com%2Fvideo19.ifeng.com%2Fvideo09%2F2015%2F06%2F01%2F3351578-102-008-0755.mp4",56,0,0,3120,"vNsPlayer_nsvp1.0.18","#","#"
"23","408000","120.203.227.222","http%3A%2F%2Fv.ifeng.com%2Fv%2Fent%2Fzyjbd%2Findex.shtml%3F_v_www4%2301b7eb5d-a530-40dd-9860-02b137128cdc","#","1419469414833_k0a9o7268","ips.ifeng.com","2015-05-31 05:45:012","http%3A%2F%2Fips.ifeng.com%2Fvideo19.ifeng.com%2Fvideo09%2F2015%2F06%2F01%2F3351578-102-008-0755.mp4",56,0,0,7759,"vNsPlayer_nsvp1.0.18","#","#"
"24","302000","120.203.227.222","http%3A%2F%2Fv.ifeng.com%2Fv%2Fent%2Fzyjbd%2Findex.shtml%3F_v_www4%2301b7eb5d-a530-40dd-9860-02b137128cdc","#","1419469414833_k0a9o7268","ips.ifeng.com","2015-05-31 05:45:017","http%3A%2F%2Fips.ifeng.com%2Fvideo19.ifeng.com%2Fvideo09%2F2015%2F06%2F01%2F3351578-102-008-0755.mp4",56,4230390,64146,12845,"vNsPlayer_nsvp1.0.18","#","#"
"25","20315","120.203.227.222","http%3A%2F%2Fv.ifeng.com%2Fv%2Fent%2Fzyjbd%2Findex.shtml%3F_v_www4%2301b7eb5d-a530-40dd-9860-02b137128cdc","#","1419469414833_k0a9o7268","ips.ifeng.com","2015-05-31 05:45:019","http%3A%2F%2Fips.ifeng.com%2Fvideo19.ifeng.com%2Fvideo09%2F2015%2F06%2F01%2F3351578-102-008-0755.mp4",56,4230390,173346,14437,"vNsPlayer_nsvp1.0.18","#","#"
"26","303000","120.203.227.222","http%3A%2F%2Fv.ifeng.com%2Fv%2Fent%2Fzyjbd%2Findex.shtml%3F_v_www4%2301b7eb5d-a530-40dd-9860-02b137128cdc","#","1419469414833_k0a9o7268","ips.ifeng.com","2015-05-31 05:45:019","http%3A%2F%2Fips.ifeng.com%2Fvideo19.ifeng.com%2Fvideo09%2F2015%2F06%2F01%2F3351578-102-008-0755.mp4",56,4230390,173346,14538,"vNsPlayer_nsvp1.0.18","#","#"
"27","204000","120.203.227.222","http%3A%2F%2Fv.ifeng.com%2Fv%2Fent%2Fzyjbd%2Findex.shtml%3F_v_www4%2301b7eb5d-a530-40dd-9860-02b137128cdc","#","1419469414833_k0a9o7268","ips.ifeng.com","2015-05-31 05:45:021","http%3A%2F%2Fips.ifeng.com%2Fvideo19.ifeng.com%2Fvideo09%2F2015%2F06%2F01%2F3351578-102-008-0755.mp4",56,4230390,173346,16365,"vNsPlayer_nsvp1.0.18","#","#"
"28","102010","120.203.227.222","http%3A%2F%2Fv.ifeng.com%2Fv%2Fent%2Fzyjbd%2Findex.shtml%3F_v_www4%2301b7eb5d-a530-40dd-9860-02b137128cdc","#","1419469414833_k0a9o7268","ips.ifeng.com","2015-05-31 05:45:024","http%3A%2F%2Fips.ifeng.com%2Fvideo19.ifeng.com%2Fvideo09%2F2015%2F06%2F01%2F3351578-102-008-0755.mp4",56,4230390,173346,19400,"vNsPlayer_nsvp1.0.18","#","#"
"29","304001","120.203.227.222","http%3A%2F%2Fv.ifeng.com%2Fv%2Fent%2Fzyjbd%2Findex.shtml%3F_v_www4%2301b7eb5d-a530-40dd-9860-02b137128cdc","#","1419469414833_k0a9o7268","ips.ifeng.com","2015-05-31 05:45:025","http%3A%2F%2Fips.ifeng.com%2Fvideo19.ifeng.com%2Fvideo09%2F2015%2F06%2F01%2F3351578-102-008-0755.mp4",56,4230390,173346,20048,"vNsPlayer_nsvp1.0.18","#","#"
"30","309001007","120.203.227.222","http%3A%2F%2Fv.ifeng.com%2Fv%2Fent%2Fzyjbd%2Findex.shtml%3F_v_www4%2301b7eb5d-a530-40dd-9860-02b137128cdc","#","1419469414833_k0a9o7268","ips.ifeng.com","2015-05-31 05:45:032","http%3A%2F%2Fips.ifeng.com%2Fvideo19.ifeng.com%2Fvideo09%2F2015%2F06%2F01%2F3351578-102-008-0755.mp4",56,4230390,515394,27068,"vNsPlayer_nsvp1.0.18","#","#"
"31","100000","120.203.227.222","http%3A%2F%2Fv.ifeng.com%2Fv%2Fent%2Fzyjbd%2Findex.shtml%3F_v_www4%2301b7eb5d-a530-40dd-9860-02b137128cdc","#","1419469414833_k0a9o7268","ips.ifeng.com","2015-05-31 05:46:024","http%3A%2F%2Fips.ifeng.com%2Fvideo19.ifeng.com%2Fvideo09%2F2015%2F06%2F01%2F3351578-102-008-0755.mp4",0,4230390,4230390,79608,"vNsPlayer_nsvp1.0.18","#","#"
"32","305000","120.203.227.222","http%3A%2F%2Fv.ifeng.com%2Fv%2Fent%2Fzyjbd%2Findex.shtml%3F_v_www4%2301b7eb5d-a530-40dd-9860-02b137128cdc","#","1419469414833_k0a9o7268","ips.ifeng.com","2015-05-31 05:46:024","http%3A%2F%2Fips.ifeng.com%2Fvideo19.ifeng.com%2Fvideo09%2F2015%2F06%2F01%2F3351578-102-008-0755.mp4",0,4230390,4230390,79608,"vNsPlayer_nsvp1.0.18","#","#"
"33","307000","120.203.227.222","http%3A%2F%2Fv.ifeng.com%2Fv%2Fent%2Fzyjbd%2Findex.shtml%3F_v_www4%2301b7eb5d-a530-40dd-9860-02b137128cdc","#","1419469414833_k0a9o7268","ips.ifeng.com","2015-05-31 05:46:024","http%3A%2F%2Fips.ifeng.com%2Fvideo19.ifeng.com%2Fvideo09%2F2015%2F06%2F01%2F3351578-102-008-0755.mp4",56,4230390,4230390,79608,"vNsPlayer_nsvp1.0.18","#","#"
"34","204000","120.203.227.222","http%3A%2F%2Fv.ifeng.com%2Fv%2Fent%2Fzyjbd%2Findex.shtml%3F_v_www4%2301b7eb5d-a530-40dd-9860-02b137128cdc","#","1419469414833_k0a9o7268","ips.ifeng.com","2015-05-31 05:46:025","http%3A%2F%2Fips.ifeng.com%2Fvideo19.ifeng.com%2Fvideo09%2F2015%2F06%2F01%2F3351578-102-008-0755.mp4",0,0,0,79608,"vNsPlayer_nsvp1.0.18","#","#"
"35","204000","120.203.227.222","http%3A%2F%2Fv.ifeng.com%2Fv%2Fent%2Fzyjbd%2Findex.shtml%3F_v_www4%2301b7eb5d-a530-40dd-9860-02b137128cdc","#","1419469414833_k0a9o7268","ips.ifeng.com","2015-05-31 05:46:025","http%3A%2F%2Fips.ifeng.com%2Fvideo19.ifeng.com%2Fvideo09%2F2015%2F06%2F01%2F3351578-102-008-0755.mp4",0,0,0,79608,"vNsPlayer_nsvp1.0.18","#","#"
"36","302000","218.29.238.46","http%3A%2F%2Fv.ifeng.com%2Fv%2Fent%2Ffbblc%2Findex.shtml%23019d2693-bd0c-4ef1-9ed6-177900c8b878","#","1422411280321_1980","119.167.138.69","2015-05-31 05:00:044","http%3A%2F%2F119.167.138.69%2Fdata5%2Fvideo09%2F2015%2F05%2F29%2F3347689-102-086-1538.mp4%3Ftime%3D1433115923367",243,33196709,10350624,87629,"vNsPlayer_nsvp1.0.18","#","#"
"37","303000","218.29.238.46","http%3A%2F%2Fv.ifeng.com%2Fv%2Fent%2Ffbblc%2Findex.shtml%23019d2693-bd0c-4ef1-9ed6-177900c8b878","#","1422411280321_1980","119.167.138.69","2015-05-31 05:00:045","http%3A%2F%2F119.167.138.69%2Fdata5%2Fvideo09%2F2015%2F05%2F29%2F3347689-102-086-1538.mp4%3Ftime%3D1433115923367",243,33196709,10490700,89230,"vNsPlayer_nsvp1.0.18","#","#"
"38","402000","218.29.238.46","http%3A%2F%2Fv.ifeng.com%2Fv%2Fent%2Ffbblc%2Findex.shtml%23019d2693-bd0c-4ef1-9ed6-177900c8b878","#","1422411280321_1980","119.167.138.69","2015-05-31 05:03:013","http%3A%2F%2F119.167.138.69%2Fdata5%2Fvideo09%2F2015%2F05%2F29%2F3347689-102-086-1538.mp4%3Ftime%3D1433115923367",243,33196709,31126880,237400,"vNsPlayer_nsvp1.0.18","#","#"
"39","100000","114.83.122.88","http%3A%2F%2Fv.ifeng.com%2Fv%2Fnews%2Fzmljd%2Findex.shtml%3F_v_rec2%2301e09475-6eb3-4f18-9142-b7e75e3f5a80","#","1426850981225_wrfk7k2784","#","2015-05-31 05:18:048","#",0,0,0,0,"vNsPlayer_nsvp1.0.18","#","#"
"40","109466","114.83.122.88","http%3A%2F%2Fv.ifeng.com%2Fv%2Fnews%2Fzmljd%2Findex.shtml%3F_v_rec2%2301e09475-6eb3-4f18-9142-b7e75e3f5a80","#","1426850981225_wrfk7k2784","#","2015-05-31 05:18:048","#",0,0,0,0,"vNsPlayer_nsvp1.0.18","#","#"
"41","20315","114.83.122.88","http%3A%2F%2Fv.ifeng.com%2Fv%2Fnews%2Fzmljd%2Findex.shtml%3F_v_rec2%2301e09475-6eb3-4f18-9142-b7e75e3f5a80","#","1426850981225_wrfk7k2784","#","2015-05-31 05:18:048","#",0,0,0,0,"vNsPlayer_nsvp1.0.18","#","#"
"42","208015","114.83.122.88","http%3A%2F%2Fv.ifeng.com%2Fv%2Fnews%2Fzmljd%2Findex.shtml%3F_v_rec2%2301e09475-6eb3-4f18-9142-b7e75e3f5a80","#","1426850981225_wrfk7k2784","#","2015-05-31 05:18:048","#",0,0,0,0,"vNsPlayer_nsvp1.0.18","#","#"
"43","3000000","114.83.122.88","http%3A%2F%2Fv.ifeng.com%2Fv%2Fnews%2Fzmljd%2Findex.shtml%3F_v_rec2%2301e09475-6eb3-4f18-9142-b7e75e3f5a80","#","1426850981225_wrfk7k2784","#","2015-05-31 05:18:048","#",0,0,0,0,"vNsPlayer_nsvp1.0.18","#","#"
"44","3000001","114.83.122.88","http%3A%2F%2Fv.ifeng.com%2Fv%2Fnews%2Fzmljd%2Findex.shtml%3F_v_rec2%2301e09475-6eb3-4f18-9142-b7e75e3f5a80","#","1426850981225_wrfk7k2784","#","2015-05-31 05:18:048","#",0,0,0,0,"vNsPlayer_nsvp1.0.18","#","#"
"45","4000000","114.83.122.88","http%3A%2F%2Fv.ifeng.com%2Fv%2Fnews%2Fzmljd%2Findex.shtml%3F_v_rec2%2301e09475-6eb3-4f18-9142-b7e75e3f5a80","#","1426850981225_wrfk7k2784","#","2015-05-31 05:18:048","#",0,0,0,0,"vNsPlayer_nsvp1.0.18","#","#"
"46","4000004","114.83.122.88","http%3A%2F%2Fv.ifeng.com%2Fv%2Fnews%2Fzmljd%2Findex.shtml%3F_v_rec2%2301e09475-6eb3-4f18-9142-b7e75e3f5a80","#","1426850981225_wrfk7k2784","#","2015-05-31 05:18:048","#",0,0,0,0,"vNsPlayer_nsvp1.0.18","#","#"
"47","20315","114.83.122.88","http%3A%2F%2Fv.ifeng.com%2Fv%2Fnews%2Fzmljd%2Findex.shtml%3F_v_rec2%2301e09475-6eb3-4f18-9142-b7e75e3f5a80","#","1426850981225_wrfk7k2784","#","2015-05-31 05:18:049","#",0,0,0,0,"vNsPlayer_nsvp1.0.18","#","#"
"48","20315","114.83.122.88","http%3A%2F%2Fv.ifeng.com%2Fv%2Fnews%2Fzmljd%2Findex.shtml%3F_v_rec2%2301e09475-6eb3-4f18-9142-b7e75e3f5a80","#","1426850981225_wrfk7k2784","#","2015-05-31 05:18:049","#",0,0,0,0,"vNsPlayer_nsvp1.0.18","#","#"
"49","302000","114.83.122.88","http%3A%2F%2Fv.ifeng.com%2Fv%2Fnews%2Fzmljd%2Findex.shtml%3F_v_rec2%2301e09475-6eb3-4f18-9142-b7e75e3f5a80","#","1426850981225_wrfk7k2784","ips.ifeng.com","2015-05-31 05:19:025","http%3A%2F%2Fips.ifeng.com%2Fvideo19.ifeng.com%2Fvideo09%2F2015%2F05%2F30%2F3349831-102-008-2017.mp4",167,8721808,93522,231,"vNsPlayer_nsvp1.0.18","#","#"
"50","303000","114.83.122.88","http%3A%2F%2Fv.ifeng.com%2Fv%2Fnews%2Fzmljd%2Findex.shtml%3F_v_rec2%2301e09475-6eb3-4f18-9142-b7e75e3f5a80","#","1426850981225_wrfk7k2784","ips.ifeng.com","2015-05-31 05:19:025","http%3A%2F%2Fips.ifeng.com%2Fvideo19.ifeng.com%2Fvideo09%2F2015%2F05%2F30%2F3349831-102-008-2017.mp4",167,8721808,1032224,1006,"vNsPlayer_nsvp1.0.18","#","#"
"51","402000","114.83.122.88","http%3A%2F%2Fv.ifeng.com%2Fv%2Fnews%2Fzmljd%2Findex.shtml%3F_v_rec2%2301e09475-6eb3-4f18-9142-b7e75e3f5a80","#","1426850981225_wrfk7k2784","ips.ifeng.com","2015-05-31 05:19:028","http%3A%2F%2Fips.ifeng.com%2Fvideo19.ifeng.com%2Fvideo09%2F2015%2F05%2F30%2F3349831-102-008-2017.mp4",167,8721808,1138720,3847,"vNsPlayer_nsvp1.0.18","#","#"
"52","401000","114.83.122.88","http%3A%2F%2Fv.ifeng.com%2Fv%2Fnews%2Fzmljd%2Findex.shtml%3F_v_rec2%2301e09475-6eb3-4f18-9142-b7e75e3f5a80","#","1426850981225_wrfk7k2784","ips.ifeng.com","2015-05-31 05:19:030","http%3A%2F%2Fips.ifeng.com%2Fvideo19.ifeng.com%2Fvideo09%2F2015%2F05%2F30%2F3349831-102-008-2017.mp4",167,8721808,1167392,5631,"vNsPlayer_nsvp1.0.18","#","#"
"53","404002","114.83.122.88","http%3A%2F%2Fv.ifeng.com%2Fv%2Fnews%2Fzmljd%2Findex.shtml%3F_v_rec2%2301e09475-6eb3-4f18-9142-b7e75e3f5a80","#","1426850981225_wrfk7k2784","ips.ifeng.com","2015-05-31 05:19:036","http%3A%2F%2Fips.ifeng.com%2Fvideo19.ifeng.com%2Fvideo09%2F2015%2F05%2F30%2F3349831-102-008-2017.mp4",167,8721808,1400864,11351,"vNsPlayer_nsvp1.0.18","#","#"
"54","100000","114.83.122.88","http%3A%2F%2Fv.ifeng.com%2Fv%2Fnews%2Fzmljd%2Findex.shtml%3F_v_rec2%2301e09475-6eb3-4f18-9142-b7e75e3f5a80","#","1426850981225_wrfk7k2784","ips.ifeng.com","2015-05-31 05:22:015","http%3A%2F%2Fips.ifeng.com%2Fvideo19.ifeng.com%2Fvideo09%2F2015%2F05%2F30%2F3349831-102-008-2017.mp4",0,8721808,8721808,170512,"vNsPlayer_nsvp1.0.18","#","#"
"55","204000","114.83.122.88","http%3A%2F%2Fv.ifeng.com%2Fv%2Fnews%2Fzmljd%2Findex.shtml%3F_v_rec2%2301e09475-6eb3-4f18-9142-b7e75e3f5a80","#","1426850981225_wrfk7k2784","ips.ifeng.com","2015-05-31 05:22:015","http%3A%2F%2Fips.ifeng.com%2Fvideo19.ifeng.com%2Fvideo09%2F2015%2F05%2F30%2F3349831-102-008-2017.mp4",0,0,0,170512,"vNsPlayer_nsvp1.0.18","#","#"
"56","204000","114.83.122.88","http%3A%2F%2Fv.ifeng.com%2Fv%2Fnews%2Fzmljd%2Findex.shtml%3F_v_rec2%2301e09475-6eb3-4f18-9142-b7e75e3f5a80","#","1426850981225_wrfk7k2784","ips.ifeng.com","2015-05-31 05:22:015","http%3A%2F%2Fips.ifeng.com%2Fvideo19.ifeng.com%2Fvideo09%2F2015%2F05%2F30%2F3349831-102-008-2017.mp4",0,0,0,170512,"vNsPlayer_nsvp1.0.18","#","#"
"57","305000","114.83.122.88","http%3A%2F%2Fv.ifeng.com%2Fv%2Fnews%2Fzmljd%2Findex.shtml%3F_v_rec2%2301e09475-6eb3-4f18-9142-b7e75e3f5a80","#","1426850981225_wrfk7k2784","ips.ifeng.com","2015-05-31 05:22:015","http%3A%2F%2Fips.ifeng.com%2Fvideo19.ifeng.com%2Fvideo09%2F2015%2F05%2F30%2F3349831-102-008-2017.mp4",0,8721808,8721808,170512,"vNsPlayer_nsvp1.0.18","#","#"
"58","307000","114.83.122.88","http%3A%2F%2Fv.ifeng.com%2Fv%2Fnews%2Fzmljd%2Findex.shtml%3F_v_rec2%2301e09475-6eb3-4f18-9142-b7e75e3f5a80","#","1426850981225_wrfk7k2784","ips.ifeng.com","2015-05-31 05:22:015","http%3A%2F%2Fips.ifeng.com%2Fvideo19.ifeng.com%2Fvideo09%2F2015%2F05%2F30%2F3349831-102-008-2017.mp4",167,8721808,8721808,170512,"vNsPlayer_nsvp1.0.18","#","#"
"59","404002","114.83.122.88","http%3A%2F%2Fv.ifeng.com%2Fv%2Fnews%2Fzmljd%2Findex.shtml%3F_v_rec2%2301e09475-6eb3-4f18-9142-b7e75e3f5a80","#","1426850981225_wrfk7k2784","ips.ifeng.com","2015-05-31 05:22:015","http%3A%2F%2Fips.ifeng.com%2Fvideo19.ifeng.com%2Fvideo09%2F2015%2F05%2F30%2F3349831-102-008-2017.mp4",0,0,0,170512,"vNsPlayer_nsvp1.0.18","#","#"
"60","100000","114.83.122.88","http%3A%2F%2Fv.ifeng.com%2Fv%2Fnews%2Fzmljd%2Findex.shtml%3F_v_rec2%2301e09475-6eb3-4f18-9142-b7e75e3f5a80","#","1426850981225_wrfk7k2784","ips.ifeng.com","2015-05-31 05:26:013","http%3A%2F%2Fips.ifeng.com%2Fvideo19.ifeng.com%2Fvideo09%2F2015%2F05%2F30%2F3349831-102-008-2017.mp4",0,0,0,170512,"vNsPlayer_nsvp1.0.18","#","#"
"61","20315","114.83.122.88","http%3A%2F%2Fv.ifeng.com%2Fv%2Fnews%2Fzmljd%2Findex.shtml%3F_v_rec2%2301e09475-6eb3-4f18-9142-b7e75e3f5a80","#","1426850981225_wrfk7k2784","ips.ifeng.com","2015-05-31 05:26:013","http%3A%2F%2Fips.ifeng.com%2Fvideo19.ifeng.com%2Fvideo09%2F2015%2F05%2F30%2F3349831-102-008-2017.mp4",0,0,0,170512,"vNsPlayer_nsvp1.0.18","#","#"
"62","20315","114.83.122.88","http%3A%2F%2Fv.ifeng.com%2Fv%2Fnews%2Fzmljd%2Findex.shtml%3F_v_rec2%2301e09475-6eb3-4f18-9142-b7e75e3f5a80","#","1426850981225_wrfk7k2784","ips.ifeng.com","2015-05-31 05:26:013","http%3A%2F%2Fips.ifeng.com%2Fvideo19.ifeng.com%2Fvideo09%2F2015%2F05%2F30%2F3349831-102-008-2017.mp4",0,0,0,170512,"vNsPlayer_nsvp1.0.18","#","#"
"63","208015","114.83.122.88","http%3A%2F%2Fv.ifeng.com%2Fv%2Fnews%2Fzmljd%2Findex.shtml%3F_v_rec2%2301e09475-6eb3-4f18-9142-b7e75e3f5a80","#","1426850981225_wrfk7k2784","ips.ifeng.com","2015-05-31 05:26:013","http%3A%2F%2Fips.ifeng.com%2Fvideo19.ifeng.com%2Fvideo09%2F2015%2F05%2F30%2F3349831-102-008-2017.mp4",0,0,0,170512,"vNsPlayer_nsvp1.0.18","#","#"
"64","20315","114.83.122.88","http%3A%2F%2Fv.ifeng.com%2Fv%2Fnews%2Fzmljd%2Findex.shtml%3F_v_rec2%2301e09475-6eb3-4f18-9142-b7e75e3f5a80","#","1426850981225_wrfk7k2784","ips.ifeng.com","2015-05-31 05:26:014","http%3A%2F%2Fips.ifeng.com%2Fvideo19.ifeng.com%2Fvideo09%2F2015%2F05%2F30%2F3349831-102-008-2017.mp4",0,0,0,170512,"vNsPlayer_nsvp1.0.18","#","#"
"65","204000","114.83.122.88","http%3A%2F%2Fv.ifeng.com%2Fv%2Fnews%2Fzmljd%2Findex.shtml%3F_v_rec2%2301e09475-6eb3-4f18-9142-b7e75e3f5a80","#","1426850981225_wrfk7k2784","ips.ifeng.com","2015-05-31 05:26:028","http%3A%2F%2Fips.ifeng.com%2Fvideo19.ifeng.com%2Fvideo09%2F2015%2F05%2F30%2F3349831-102-008-2017.mp4",0,0,0,170512,"vNsPlayer_nsvp1.0.18","#","#"
"66","401000","114.83.122.88","http%3A%2F%2Fv.ifeng.com%2Fv%2Fnews%2Fzmljd%2Findex.shtml%3F_v_rec2%2301e09475-6eb3-4f18-9142-b7e75e3f5a80","#","1426850981225_wrfk7k2784","ips.ifeng.com","2015-05-31 05:26:037","http%3A%2F%2Fips.ifeng.com%2Fvideo19.ifeng.com%2Fvideo09%2F2015%2F05%2F30%2F3349831-102-008-2017.mp4",0,0,0,170512,"vNsPlayer_nsvp1.0.18","#","#"
"67","403000","114.83.122.88","http%3A%2F%2Fv.ifeng.com%2Fv%2Fnews%2Fzmljd%2Findex.shtml%3F_v_rec2%2301e09475-6eb3-4f18-9142-b7e75e3f5a80","#","1426850981225_wrfk7k2784","ips.ifeng.com","2015-05-31 05:26:038","http%3A%2F%2Fips.ifeng.com%2Fvideo19.ifeng.com%2Fvideo09%2F2015%2F05%2F30%2F3349831-102-008-2017.mp4",0,0,0,170512,"vNsPlayer_nsvp1.0.18","#","#"
"68","100000","114.83.122.88","http%3A%2F%2Fv.ifeng.com%2Fv%2Fnews%2Fzmljd%2Findex.shtml%3F_v_rec2%2301e09475-6eb3-4f18-9142-b7e75e3f5a80","#","1426850981225_wrfk7k2784","ips.ifeng.com","2015-05-31 05:26:045","http%3A%2F%2Fips.ifeng.com%2Fvideo19.ifeng.com%2Fvideo09%2F2015%2F05%2F30%2F3349831-102-008-2017.mp4",0,0,0,170512,"vNsPlayer_nsvp1.0.18","#","#"
"69","204000","114.83.122.88","http%3A%2F%2Fv.ifeng.com%2Fv%2Fnews%2Fzmljd%2Findex.shtml%3F_v_rec2%2301e09475-6eb3-4f18-9142-b7e75e3f5a80","#","1426850981225_wrfk7k2784","ips.ifeng.com","2015-05-31 05:26:045","http%3A%2F%2Fips.ifeng.com%2Fvideo19.ifeng.com%2Fvideo09%2F2015%2F05%2F30%2F3349831-102-008-2017.mp4",0,0,0,170512,"vNsPlayer_nsvp1.0.18","#","#"
"70","204000","114.83.122.88","http%3A%2F%2Fv.ifeng.com%2Fv%2Fnews%2Fzmljd%2Findex.shtml%3F_v_rec2%2301e09475-6eb3-4f18-9142-b7e75e3f5a80","#","1426850981225_wrfk7k2784","ips.ifeng.com","2015-05-31 05:26:045","http%3A%2F%2Fips.ifeng.com%2Fvideo19.ifeng.com%2Fvideo09%2F2015%2F05%2F30%2F3349831-102-008-2017.mp4",0,0,0,170512,"vNsPlayer_nsvp1.0.18","#","#"
"71","100000","114.83.122.88","http%3A%2F%2Fv.ifeng.com%2Fv%2Fnews%2Fzmljd%2Findex.shtml%3F_v_rec2%2301e09475-6eb3-4f18-9142-b7e75e3f5a80","#","1426850981225_wrfk7k2784","ips.ifeng.com","2015-05-31 05:26:050","http%3A%2F%2Fips.ifeng.com%2Fvideo19.ifeng.com%2Fvideo09%2F2015%2F05%2F30%2F3349831-102-008-2017.mp4",0,0,0,170512,"vNsPlayer_nsvp1.0.18","#","#"
"72","100000","114.83.122.88","http%3A%2F%2Fv.ifeng.com%2Fv%2Fnews%2Fzmljd%2Findex.shtml%3F_v_rec2%2301e09475-6eb3-4f18-9142-b7e75e3f5a80","#","1426850981225_wrfk7k2784","ips.ifeng.com","2015-05-31 05:26:050","http%3A%2F%2Fips.ifeng.com%2Fvideo19.ifeng.com%2Fvideo09%2F2015%2F05%2F30%2F3349831-102-008-2017.mp4",0,0,0,170512,"vNsPlayer_nsvp1.0.18","#","#"
"73","20315","114.83.122.88","http%3A%2F%2Fv.ifeng.com%2Fv%2Fnews%2Fzmljd%2Findex.shtml%3F_v_rec2%2301e09475-6eb3-4f18-9142-b7e75e3f5a80","#","1426850981225_wrfk7k2784","ips.ifeng.com","2015-05-31 05:26:051","http%3A%2F%2Fips.ifeng.com%2Fvideo19.ifeng.com%2Fvideo09%2F2015%2F05%2F30%2F3349831-102-008-2017.mp4",0,0,0,170512,"vNsPlayer_nsvp1.0.18","#","#"
"74","20315","114.83.122.88","http%3A%2F%2Fv.ifeng.com%2Fv%2Fnews%2Fzmljd%2Findex.shtml%3F_v_rec2%2301e09475-6eb3-4f18-9142-b7e75e3f5a80","#","1426850981225_wrfk7k2784","ips.ifeng.com","2015-05-31 05:26:051","http%3A%2F%2Fips.ifeng.com%2Fvideo19.ifeng.com%2Fvideo09%2F2015%2F05%2F30%2F3349831-102-008-2017.mp4",0,0,0,170512,"vNsPlayer_nsvp1.0.18","#","#"
"75","20315","114.83.122.88","http%3A%2F%2Fv.ifeng.com%2Fv%2Fnews%2Fzmljd%2Findex.shtml%3F_v_rec2%2301e09475-6eb3-4f18-9142-b7e75e3f5a80","#","1426850981225_wrfk7k2784","ips.ifeng.com","2015-05-31 05:26:051","http%3A%2F%2Fips.ifeng.com%2Fvideo19.ifeng.com%2Fvideo09%2F2015%2F05%2F30%2F3349831-102-008-2017.mp4",0,0,0,170512,"vNsPlayer_nsvp1.0.18","#","#"
"76","204000","114.83.122.88","http%3A%2F%2Fv.ifeng.com%2Fv%2Fnews%2Fzmljd%2Findex.shtml%3F_v_rec2%2301e09475-6eb3-4f18-9142-b7e75e3f5a80","#","1426850981225_wrfk7k2784","ips.ifeng.com","2015-05-31 05:26:051","http%3A%2F%2Fips.ifeng.com%2Fvideo19.ifeng.com%2Fvideo09%2F2015%2F05%2F30%2F3349831-102-008-2017.mp4",0,0,0,170512,"vNsPlayer_nsvp1.0.18","#","#"
"77","204000","114.83.122.88","http%3A%2F%2Fv.ifeng.com%2Fv%2Fnews%2Fzmljd%2Findex.shtml%3F_v_rec2%2301e09475-6eb3-4f18-9142-b7e75e3f5a80","#","1426850981225_wrfk7k2784","ips.ifeng.com","2015-05-31 05:26:051","http%3A%2F%2Fips.ifeng.com%2Fvideo19.ifeng.com%2Fvideo09%2F2015%2F05%2F30%2F3349831-102-008-2017.mp4",0,0,0,170512,"vNsPlayer_nsvp1.0.18","#","#"
"78","208015","114.83.122.88","http%3A%2F%2Fv.ifeng.com%2Fv%2Fnews%2Fzmljd%2Findex.shtml%3F_v_rec2%2301e09475-6eb3-4f18-9142-b7e75e3f5a80","#","1426850981225_wrfk7k2784","ips.ifeng.com","2015-05-31 05:26:051","http%3A%2F%2Fips.ifeng.com%2Fvideo19.ifeng.com%2Fvideo09%2F2015%2F05%2F30%2F3349831-102-008-2017.mp4",0,0,0,170512,"vNsPlayer_nsvp1.0.18","#","#"
"79","204000","114.83.122.88","http%3A%2F%2Fv.ifeng.com%2Fv%2Fnews%2Fzmljd%2Findex.shtml%3F_v_rec2%2301e09475-6eb3-4f18-9142-b7e75e3f5a80","#","1426850981225_wrfk7k2784","ips.ifeng.com","2015-05-31 05:27:006","http%3A%2F%2Fips.ifeng.com%2Fvideo19.ifeng.com%2Fvideo09%2F2015%2F05%2F30%2F3349831-102-008-2017.mp4",0,0,0,170512,"vNsPlayer_nsvp1.0.18","#","#"
"80","401000","114.83.122.88","http%3A%2F%2Fv.ifeng.com%2Fv%2Fnews%2Fzmljd%2Findex.shtml%3F_v_rec2%2301e09475-6eb3-4f18-9142-b7e75e3f5a80","#","1426850981225_wrfk7k2784","ips.ifeng.com","2015-05-31 05:27:010","http%3A%2F%2Fips.ifeng.com%2Fvideo19.ifeng.com%2Fvideo09%2F2015%2F05%2F30%2F3349831-102-008-2017.mp4",0,0,0,170512,"vNsPlayer_nsvp1.0.18","#","#"
"81","403000","114.83.122.88","http%3A%2F%2Fv.ifeng.com%2Fv%2Fnews%2Fzmljd%2Findex.shtml%3F_v_rec2%2301e09475-6eb3-4f18-9142-b7e75e3f5a80","#","1426850981225_wrfk7k2784","ips.ifeng.com","2015-05-31 05:27:010","http%3A%2F%2Fips.ifeng.com%2Fvideo19.ifeng.com%2Fvideo09%2F2015%2F05%2F30%2F3349831-102-008-2017.mp4",0,0,0,170512,"vNsPlayer_nsvp1.0.18","#","#"
"82","403000","114.83.122.88","http%3A%2F%2Fv.ifeng.com%2Fv%2Fnews%2Fzmljd%2Findex.shtml%3F_v_rec2%2301e09475-6eb3-4f18-9142-b7e75e3f5a80","#","1426850981225_wrfk7k2784","ips.ifeng.com","2015-05-31 05:27:010","http%3A%2F%2Fips.ifeng.com%2Fvideo19.ifeng.com%2Fvideo09%2F2015%2F05%2F30%2F3349831-102-008-2017.mp4",0,0,0,170512,"vNsPlayer_nsvp1.0.18","#","#"
"83","403000","114.83.122.88","http%3A%2F%2Fv.ifeng.com%2Fv%2Fnews%2Fzmljd%2Findex.shtml%3F_v_rec2%2301e09475-6eb3-4f18-9142-b7e75e3f5a80","#","1426850981225_wrfk7k2784","ips.ifeng.com","2015-05-31 05:27:011","http%3A%2F%2Fips.ifeng.com%2Fvideo19.ifeng.com%2Fvideo09%2F2015%2F05%2F30%2F3349831-102-008-2017.mp4",0,0,0,170512,"vNsPlayer_nsvp1.0.18","#","#"
"84","303000","125.211.30.18","http%3A%2F%2Fv.ifeng.com%2Fv%2Fnews%2Fzmljd%2Findex.shtml%3F_v_rec2%2301e09475-6eb3-4f18-9142-b7e75e3f5a80","4FA8070A2DB9E057B6588B46F546B631A%E5%86%B7%E8%A1%80%E7%8B%82%E5%88%80A","1432347105444_zboxug8974","ips.ifeng.com","2015-05-31 05:34:001","http%3A%2F%2Fips.ifeng.com%2Fvideo19.ifeng.com%2Fvideo09%2F2015%2F05%2F22%2F3334360-102-008-1242.mp4",294,20342085,14386432,264266,"vNsPlayer_nsvp1.0.18","#","#"
"85","402000","125.211.30.18","http%3A%2F%2Fv.ifeng.com%2Fv%2Fnews%2Fzmljd%2Findex.shtml%3F_v_rec2%2301e09475-6eb3-4f18-9142-b7e75e3f5a80","4FA8070A2DB9E057B6588B46F546B631A%E5%86%B7%E8%A1%80%E7%8B%82%E5%88%80A","1432347105444_zboxug8974","ips.ifeng.com","2015-05-31 05:37:000","http%3A%2F%2Fips.ifeng.com%2Fvideo19.ifeng.com%2Fvideo09%2F2015%2F05%2F22%2F3334360-102-008-1242.mp4",294,20342085,20342085,443297,"vNsPlayer_nsvp1.0.18","#","#"
"86","302000","58.46.1.94","http%3A%2F%2Fv.ifeng.com%2Fv%2Fnews%2Fbaipishu%2Findex.shtml%3F_v_www4%2301eb5779-2b85-46f4-a634-94de421a6e20","#","1433113404944_og1z4h1127","ips.ifeng.com","2015-05-31 05:02:026","http%3A%2F%2Fips.ifeng.com%2Fvideo19.ifeng.com%2Fvideo09%2F2015%2F05%2F31%2F3350552-102-008-1208.mp4",211,14633714,105777,1312,"vNsPlayer_nsvp1.0.18","#","#"
"87","303000","58.46.1.94","http%3A%2F%2Fv.ifeng.com%2Fv%2Fnews%2Fbaipishu%2Findex.shtml%3F_v_www4%2301eb5779-2b85-46f4-a634-94de421a6e20","#","1433113404944_og1z4h1127","ips.ifeng.com","2015-05-31 05:02:026","http%3A%2F%2Fips.ifeng.com%2Fvideo19.ifeng.com%2Fvideo09%2F2015%2F05%2F31%2F3350552-102-008-1208.mp4",211,14633714,241297,1434,"vNsPlayer_nsvp1.0.18","#","#"
"88","5000000","58.46.1.94","http%3A%2F%2Fv.ifeng.com%2Fv%2Fnews%2Fbaipishu%2Findex.shtml%3F_v_www4%2301eb5779-2b85-46f4-a634-94de421a6e20","#","1433113404944_og1z4h1127","ips.ifeng.com","2015-05-31 05:02:026","http%3A%2F%2Fips.ifeng.com%2Fvideo19.ifeng.com%2Fvideo09%2F2015%2F05%2F31%2F3350552-102-008-1208.mp4",211,14633714,1044225,2096,"vNsPlayer_nsvp1.0.18","#","#"
"89","5000005","58.46.1.94","http%3A%2F%2Fv.ifeng.com%2Fv%2Fnews%2Fbaipishu%2Findex.shtml%3F_v_www4%2301eb5779-2b85-46f4-a634-94de421a6e20","#","1433113404944_og1z4h1127","ips.ifeng.com","2015-05-31 05:02:030","http%3A%2F%2Fips.ifeng.com%2Fvideo19.ifeng.com%2Fvideo09%2F2015%2F05%2F31%2F3350552-102-008-1208.mp4",211,14633714,1658912,6102,"vNsPlayer_nsvp1.0.18","#","#"
"90","601000","58.46.1.94","http%3A%2F%2Fv.ifeng.com%2Fv%2Fnews%2Fbaipishu%2Findex.shtml%3F_v_www4%2301eb5779-2b85-46f4-a634-94de421a6e20","#","1433113404944_og1z4h1127","ips.ifeng.com","2015-05-31 05:02:030","http%3A%2F%2Fips.ifeng.com%2Fvideo19.ifeng.com%2Fvideo09%2F2015%2F05%2F31%2F3350552-102-008-1208.mp4",211,14633714,1658912,6102,"vNsPlayer_nsvp1.0.18","#","#"
"91","602000","58.46.1.94","http%3A%2F%2Fv.ifeng.com%2Fv%2Fnews%2Fbaipishu%2Findex.shtml%3F_v_www4%2301eb5779-2b85-46f4-a634-94de421a6e20","#","1433113404944_og1z4h1127","ips.ifeng.com","2015-05-31 05:02:030","http%3A%2F%2Fips.ifeng.com%2Fvideo19.ifeng.com%2Fvideo09%2F2015%2F05%2F31%2F3350552-102-008-1208.mp4",211,14633714,1658912,6102,"vNsPlayer_nsvp1.0.18","#","#"
"92","204000","58.46.1.94","http%3A%2F%2Fv.ifeng.com%2Fv%2Fnews%2Fbaipishu%2Findex.shtml%3F_v_www4%2301eb5779-2b85-46f4-a634-94de421a6e20","#","1433113404944_og1z4h1127","ips.ifeng.com","2015-05-31 05:02:036","http%3A%2F%2Fips.ifeng.com%2Fvideo19.ifeng.com%2Fvideo09%2F2015%2F05%2F31%2F3350552-102-008-1208.mp4",211,14633714,1994784,11948,"vNsPlayer_nsvp1.0.18","#","#"
"93","1093125","60.191.246.86","http%3A%2F%2Fv.ifeng.com%2Fv%2Fnews%2Fzmljd%2Findex.shtml%3F_v_rec2%2301e09475-6eb3-4f18-9142-b7e75e3f5a80","#","1433117618250_ehg7xf3607","#","2015-05-31 05:26:005","#",0,0,0,0,"vNsPlayer_nsvp1.0.18","#","#"
"94","3000000","60.191.246.86","http%3A%2F%2Fv.ifeng.com%2Fv%2Fnews%2Fzmljd%2Findex.shtml%3F_v_rec2%2301e09475-6eb3-4f18-9142-b7e75e3f5a80","#","1433117618250_ehg7xf3607","#","2015-05-31 05:26:009","#",0,0,0,0,"vNsPlayer_nsvp1.0.18","#","#"
"95","20315","60.191.246.86","http%3A%2F%2Fv.ifeng.com%2Fv%2Fnews%2Fzmljd%2Findex.shtml%3F_v_rec2%2301e09475-6eb3-4f18-9142-b7e75e3f5a80","#","1433117618250_ehg7xf3607","#","2015-05-31 05:26:010","#",0,0,0,0,"vNsPlayer_nsvp1.0.18","#","#"
"96","20315","60.191.246.86","http%3A%2F%2Fv.ifeng.com%2Fv%2Fnews%2Fzmljd%2Findex.shtml%3F_v_rec2%2301e09475-6eb3-4f18-9142-b7e75e3f5a80","#","1433117618250_ehg7xf3607","#","2015-05-31 05:26:010","#",0,0,0,0,"vNsPlayer_nsvp1.0.18","#","#"
"97","208015","60.191.246.86","http%3A%2F%2Fv.ifeng.com%2Fv%2Fnews%2Fzmljd%2Findex.shtml%3F_v_rec2%2301e09475-6eb3-4f18-9142-b7e75e3f5a80","#","1433117618250_ehg7xf3607","#","2015-05-31 05:26:010","#",0,0,0,0,"vNsPlayer_nsvp1.0.18","#","#"
"98","20315","60.191.246.86","http%3A%2F%2Fv.ifeng.com%2Fv%2Fnews%2Fzmljd%2Findex.shtml%3F_v_rec2%2301e09475-6eb3-4f18-9142-b7e75e3f5a80","#","1433117618250_ehg7xf3607","#","2015-05-31 05:26:011","#",0,0,0,0,"vNsPlayer_nsvp1.0.18","#","#"
"99","3000004","60.191.246.86","http%3A%2F%2Fv.ifeng.com%2Fv%2Fnews%2Fzmljd%2Findex.shtml%3F_v_rec2%2301e09475-6eb3-4f18-9142-b7e75e3f5a80","#","1433117618250_ehg7xf3607","#","2015-05-31 05:26:014","#",0,0,0,0,"vNsPlayer_nsvp1.0.18","#","#"
"100","3000001","60.191.246.86","http%3A%2F%2Fv.ifeng.com%2Fv%2Fnews%2Fzmljd%2Findex.shtml%3F_v_rec2%2301e09475-6eb3-4f18-9142-b7e75e3f5a80","#","1433117618250_ehg7xf3607","ips.ifeng.com","2015-05-31 05:26:018","http%3A%2F%2Fips.ifeng.com%2Fvideo19.ifeng.com%2Fvideo09%2F2015%2F05%2F30%2F3349831-102-008-2017.mp4",167,0,0,2109,"vNsPlayer_nsvp1.0.18","#","#"
"101","4000000","60.191.246.86","http%3A%2F%2Fv.ifeng.com%2Fv%2Fnews%2Fzmljd%2Findex.shtml%3F_v_rec2%2301e09475-6eb3-4f18-9142-b7e75e3f5a80","#","1433117618250_ehg7xf3607","ips.ifeng.com","2015-05-31 05:26:018","http%3A%2F%2Fips.ifeng.com%2Fvideo19.ifeng.com%2Fvideo09%2F2015%2F05%2F30%2F3349831-102-008-2017.mp4",167,0,0,2109,"vNsPlayer_nsvp1.0.18","#","#"
"102","302000","60.191.246.86","http%3A%2F%2Fv.ifeng.com%2Fv%2Fnews%2Fzmljd%2Findex.shtml%3F_v_rec2%2301e09475-6eb3-4f18-9142-b7e75e3f5a80","#","1433117618250_ehg7xf3607","ips.ifeng.com","2015-05-31 05:26:020","http%3A%2F%2Fips.ifeng.com%2Fvideo19.ifeng.com%2Fvideo09%2F2015%2F05%2F30%2F3349831-102-008-2017.mp4",167,8721808,89522,4687,"vNsPlayer_nsvp1.0.18","#","#"
"103","303000","60.191.246.86","http%3A%2F%2Fv.ifeng.com%2Fv%2Fnews%2Fzmljd%2Findex.shtml%3F_v_rec2%2301e09475-6eb3-4f18-9142-b7e75e3f5a80","#","1433117618250_ehg7xf3607","ips.ifeng.com","2015-05-31 05:26:021","http%3A%2F%2Fips.ifeng.com%2Fvideo19.ifeng.com%2Fvideo09%2F2015%2F05%2F30%2F3349831-102-008-2017.mp4",167,8721808,150338,5344,"vNsPlayer_nsvp1.0.18","#","#"
"104","4000001","60.191.246.86","http%3A%2F%2Fv.ifeng.com%2Fv%2Fnews%2Fzmljd%2Findex.shtml%3F_v_rec2%2301e09475-6eb3-4f18-9142-b7e75e3f5a80","#","1433117618250_ehg7xf3607","ips.ifeng.com","2015-05-31 05:26:023","http%3A%2F%2Fips.ifeng.com%2Fvideo19.ifeng.com%2Fvideo09%2F2015%2F05%2F30%2F3349831-102-008-2017.mp4",167,8721808,150338,7125,"vNsPlayer_nsvp1.0.18","#","#"
"105","204000","60.191.246.86","http%3A%2F%2Fv.ifeng.com%2Fv%2Fnews%2Fzmljd%2Findex.shtml%3F_v_rec2%2301e09475-6eb3-4f18-9142-b7e75e3f5a80","#","1433117618250_ehg7xf3607","ips.ifeng.com","2015-05-31 05:26:026","http%3A%2F%2Fips.ifeng.com%2Fvideo19.ifeng.com%2Fvideo09%2F2015%2F05%2F30%2F3349831-102-008-2017.mp4",167,8721808,694786,10547,"vNsPlayer_nsvp1.0.18","#","#"
"106","4000004","60.191.246.86","http%3A%2F%2Fv.ifeng.com%2Fv%2Fnews%2Fzmljd%2Findex.shtml%3F_v_rec2%2301e09475-6eb3-4f18-9142-b7e75e3f5a80","#","1433117618250_ehg7xf3607","ips.ifeng.com","2015-05-31 05:26:027","http%3A%2F%2Fips.ifeng.com%2Fvideo19.ifeng.com%2Fvideo09%2F2015%2F05%2F30%2F3349831-102-008-2017.mp4",167,8721808,694786,11250,"vNsPlayer_nsvp1.0.18","#","#"
