"","UID","REF","Total"
"1","1009884688120_pw56b71997","http%3A%2F%2Fv.ifeng.com%2Fv%2Fnews%2Fwrsne2329%2Findex.shtml%3F_v_www4%23014d41c6-1b2d-4a36-a8d7-fdb773a9961a",36
"2","1136071027171_3vkee7806","http%3A%2F%2Fv.ifeng.com%2Fv%2Fnews%2Fmgxsjdz%2Findex.shtml%23013b094e-909f-48dc-a85d-f36642070587",2
"3","1136071027171_3vkee7806","http%3A%2F%2Fv.ifeng.com%2Fv%2Fnews%2Fzmljd%2Findex.shtml%3F_v_www4%2301737104-03b9-4520-b902-478945697045",11
"4","1332211819781_136","http%3A%2F%2Fv.ifeng.com%2Fv%2Fmil%2Fzsjyl%2Findex.shtml%3F_v_www4%2301a62b56-cdb2-4516-af2e-1e1ccc5476fb",10
"5","1347432686405_he5wsy7858","http%3A%2F%2Fv.ifeng.com%2Fv%2Fnews%2Fzmljd%2Findex.shtml%2301737104-03b9-4520-b902-478945697045",10
"6","1352182366046_cou0nj4675","http%3A%2F%2Fv.ifeng.com%2Fv%2Fmil%2Fzgsmzj%2Findex.shtml%3F_v_www4%23012dca6c-9b83-4d74-a1a7-af060350a936",6
"7","1354692183821_9ocuo08665","http%3A%2F%2Fv.ifeng.com%2Fv%2Fnews%2Fmgxsjdz%2Findex.shtml%23013b094e-909f-48dc-a85d-f36642070587",9
"8","1361650075453_pm08yx7025","http%3A%2F%2Fv.ifeng.com%2Fv%2Fnews%2Fzmljd%2Findex.shtml%3F_v_www4%2301737104-03b9-4520-b902-478945697045",15
"9","1361753388437_ms7ugv5976","http%3A%2F%2Fv.ifeng.com%2Fv%2Fnews%2Fmgxsjdz%2Findex.shtml%23013b094e-909f-48dc-a85d-f36642070587",5
"10","1363580381609_d9sget8495","http%3A%2F%2Fv.ifeng.com%2Fv%2Fnews%2Fmgxsjdz%2Findex.shtml%23013b094e-909f-48dc-a85d-f36642070587",10
"11","1369700366531_262y6l4365","http%3A%2F%2Fv.ifeng.com%2Fv%2Fnews%2Fzmljd%2Findex.shtml%3F_v_rec2%2301737104-03b9-4520-b902-478945697045",8
"12","1374323730489_r8btxm8711","http%3A%2F%2Fv.ifeng.com%2Fv%2Fent%2Fhxmbaby%2Findex.shtml",19
"13","1387871667005_kgfpud8924","http%3A%2F%2Fv.ifeng.com%2Fv%2Fnews%2Fzmljd%2Findex.shtml%2301737104-03b9-4520-b902-478945697045",8
"14","1389332375626_gn7zhy9620","http%3A%2F%2Fv.ifeng.com%2Fv%2Fnews%2Fmgxsjdz%2Findex.shtml%23013b094e-909f-48dc-a85d-f36642070587",72
"15","1399627343080_r0dlb93305","http%3A%2F%2Fv.ifeng.com%2Fv%2Fnews%2Fmgxsjdz%2Findex.shtml",4
"16","1399816073285_r5sy4y6351","http%3A%2F%2Fv.ifeng.com%2Fv%2Fmil%2Fzgsmzj%2Findex.shtml%3F_v_www4%23012dca6c-9b83-4d74-a1a7-af060350a936",22
"17","1401627006833_a3evsa302","http%3A%2F%2Fv.ifeng.com%2Fv%2Fnews%2Fmgxsjdz%2Findex.shtml%23013b094e-909f-48dc-a85d-f36642070587",8
"18","1401969073552_bx91fp6957","http%3A%2F%2Fv.ifeng.com%2Fv%2Fmil%2Fzghjzx%2Findex.shtml%3F_v_www4%230192f0f7-64d0-49e2-a8b0-8ed57f6b77ce",11
"19","1403517132726_i1sch54612","http%3A%2F%2Fv.ifeng.com%2Fv%2Fmil%2Fzgsmzj%2Findex.shtml%3F_v_rec2%23012dca6c-9b83-4d74-a1a7-af060350a936",5
"20","1404179268045_dybw3b7077","http%3A%2F%2Fv.ifeng.com%2Fv%2Fent%2Fsbnlq%2Findex.shtml%3F_v_www4%2301f8739a-7031-44ff-b938-9c0258987e16",98
"21","1405483928088_vjp6w12426","http%3A%2F%2Fv.ifeng.com%2Fv%2Fnews%2Fmgxsjdz%2Findex.shtml%23013b094e-909f-48dc-a85d-f36642070587",18
"22","1407803744354_cmouxk3267","http%3A%2F%2Fv.ifeng.com%2Fv%2Fnews%2Fmgxsjdz%2Findex.shtml%23013b094e-909f-48dc-a85d-f36642070587",27
"23","1408372883390_6wwk7i787","http%3A%2F%2Fv.ifeng.com%2Fv%2Fnews%2Frbpfl0132%2Findex.shtml%3F_v_www4%23013bbd39-782e-4468-82d3-84a76ef527fa",1
"24","1409035798383_82gmj94717","http%3A%2F%2Fv.ifeng.com%2Fv%2Fmyjwj2052%2Findex.shtml%3F_v_www4%23016c23d6-603f-4df6-963a-a7b5d0001716",16
"25","1410443472614_i1wi5165","http%3A%2F%2Fv.ifeng.com%2Fv%2Fnews%2Fzmljd%2Findex.shtml%3F_v_www4%2301737104-03b9-4520-b902-478945697045",13
"26","1410519353875_ppsyyr2214","http%3A%2F%2Fv.ifeng.com%2Fv%2Fent%2Fwwxjk%2Findex.shtml%3F_v_www4%23017191c1-5bc7-4052-ab13-f0fb15c04841",15
"27","1410968001562_eolntj6228","http%3A%2F%2Fv.ifeng.com%2Fv%2Fmil%2Fzghjzx%2Findex.shtml%3F_v_www4%230192f0f7-64d0-49e2-a8b0-8ed57f6b77ce",20
"28","1411461390734_qukmiq7598","http%3A%2F%2Fv.ifeng.com%2Fv%2Fnews%2Fmgxsjdz%2Findex.shtml%23013b094e-909f-48dc-a85d-f36642070587",10
"29","1412349932824_dyasyf6550","http%3A%2F%2Fv.ifeng.com%2Fv%2Fnews%2Fmgxsjdz%2Findex.shtml%23013b094e-909f-48dc-a85d-f36642070587",111
"30","1412586892804_uer94k9520","http%3A%2F%2Fv.ifeng.com%2Fv%2Fent%2Frwzbs%2Findex.shtml%3F_v_www4%2301fa280b-d302-400b-af19-d14146e763ee",8
"31","1412702985062_qduhcl3694","http%3A%2F%2Fv.ifeng.com%2Fv%2Fnews%2Fzmljd%2Findex.shtml%3F_v_www4%2301737104-03b9-4520-b902-478945697045",15
"32","1413621705841_6hrmx06066","http%3A%2F%2Fv.ifeng.com%2Fv%2Fmil%2Fzgsmzj%2Findex.shtml%3F_v_rec2%23012dca6c-9b83-4d74-a1a7-af060350a936",85
"33","1413953058388_maadcb7754","http%3A%2F%2Fv.ifeng.com%2Fv%2Fnews%2Fmgxsjdz%2Findex.shtml%23013b094e-909f-48dc-a85d-f36642070587",25
"34","1414115782821_yrmjne799","http%3A%2F%2Fv.ifeng.com%2Fv%2Fnews%2Fwrsne2329%2Findex.shtml%3F_v_www4%23014d41c6-1b2d-4a36-a8d7-fdb773a9961a",19
"35","1414279579500_8g0zqa8917","http%3A%2F%2Fv.ifeng.com%2Fv%2Fmil%2Fzgsmzj%2Findex.shtml%3F_v_www4%23012dca6c-9b83-4d74-a1a7-af060350a936",7
"36","1414475731713_t80lfc5188","http%3A%2F%2Fv.ifeng.com%2Fv%2Fnews%2Fzmljd%2Findex.shtml%3F_v_www4%2301737104-03b9-4520-b902-478945697045",15
"37","1414841458390_ric0lx6611","http%3A%2F%2Fv.ifeng.com%2Fv%2Fnews%2Fmgxsjdz%2Findex.shtml%23013b094e-909f-48dc-a85d-f36642070587",9
"38","1415065204270_mh0vlv9634","http%3A%2F%2Fv.ifeng.com%2Fv%2Fmil%2Fzgsmzj%2Findex.shtml%3F_v_www4%23012dca6c-9b83-4d74-a1a7-af060350a936",24
"39","1415105148496_w7t64n683","http%3A%2F%2Fv.ifeng.com%2Fv%2Fmil%2Fzgsmzj%2Findex.shtml%3F_v_www4%23012dca6c-9b83-4d74-a1a7-af060350a936",19
"40","1415492976102_j6trbz8444","http%3A%2F%2Fv.ifeng.com%2Fv%2Fent%2Frwzbs%2Findex.shtml%3F_v_www4%2301fa280b-d302-400b-af19-d14146e763ee",25
"41","1415504582551_jh0lp08458","http%3A%2F%2Fv.ifeng.com%2Fv%2Fent%2Frwzbs%2Findex.shtml%3F_v_www4%2301fa280b-d302-400b-af19-d14146e763ee",21
"42","1417070744156_ss8ns47390","http%3A%2F%2Fv.ifeng.com%2Fv%2Fent%2Frwzbs%2Findex.shtml%3F_v_www4%2301fa280b-d302-400b-af19-d14146e763ee",12
"43","1417482965453_wwgobb3865","http%3A%2F%2Fv.ifeng.com%2Fv%2Fnews%2Frbpfl0132%2Findex.shtml%3F_v_rec2%23013bbd39-782e-4468-82d3-84a76ef527fa",14
"44","1417656676769_dnelbb3837","http%3A%2F%2Fv.ifeng.com%2Fv%2Fent%2Frwzbs%2Findex.shtml%3F_v_www4%2301fa280b-d302-400b-af19-d14146e763ee",9
"45","1417740383006_jdx7r61308","http%3A%2F%2Fv.ifeng.com%2Fv%2Fnews%2Fmgxsjdz%2Findex.shtml%23013b094e-909f-48dc-a85d-f36642070587",2
"46","1417771988737_hed3725950","http%3A%2F%2Fv.ifeng.com%2Fv%2Fmil%2Fzgsmzj%2Findex.shtml%3F_v_www4%23012dca6c-9b83-4d74-a1a7-af060350a936",6
"47","1417916283755_45tl5b1466","http%3A%2F%2Fv.ifeng.com%2Fv%2Fnews%2Fjinzhengen%2Findex.shtml%3F_v_www4%230134c924-3499-4f68-ae4f-fb69db38e7be",2
"48","1418368598937_a81iqs3022","http%3A%2F%2Fv.ifeng.com%2Fv%2Fmil%2Fzgsmzj%2Findex.shtml%3F_v_www4%23012dca6c-9b83-4d74-a1a7-af060350a936",12
"49","1421029816242_gazjl01838","http%3A%2F%2Fv.ifeng.com%2Fv%2Fnews%2Fmgxsjdz%2Findex.shtml%23013b094e-909f-48dc-a85d-f36642070587",3
"50","1421072148776_ia6qiy1958","http%3A%2F%2Fv.ifeng.com%2Fv%2Fmil%2Fzghjzx%2Findex.shtml%3F_v_www4%230192f0f7-64d0-49e2-a8b0-8ed57f6b77ce",3
"51","1421121096833_8io9xg7321","http%3A%2F%2Fv.ifeng.com%2Fv%2Fmil%2Fzgsmzj%2Findex.shtml%3F_v_www4%23012dca6c-9b83-4d74-a1a7-af060350a936",14
"52","1421303211130_4qrylu5701","http%3A%2F%2Fv.ifeng.com%2Fv%2Fnews%2Fzmljd%2Findex.shtml%2301737104-03b9-4520-b902-478945697045",10
"53","1421409934522_aihp5h4231","http%3A%2F%2Fv.ifeng.com%2Fv%2Fnews%2Fzmljd%2Findex.shtml%2301737104-03b9-4520-b902-478945697045",20
"54","1421457389680_e16i3o3608","http%3A%2F%2Fv.ifeng.com%2Fv%2Fmil%2Fzghjzx%2Findex.shtml%3F_v_www4%230192f0f7-64d0-49e2-a8b0-8ed57f6b77ce",21
"55","1421980054343_8c1w00800","http%3A%2F%2Fv.ifeng.com%2Fv%2Fnews%2Fmgxsjdz%2Findex.shtml%23013b094e-909f-48dc-a85d-f36642070587",15
"56","1422067762304_5h5ns1498","http%3A%2F%2Fv.ifeng.com%2Fv%2Fent%2Frwzbs%2Findex.shtml%3F_v_www4%2301fa280b-d302-400b-af19-d14146e763ee",15
"57","1422279418577_kw42ng9831","http%3A%2F%2Fv.ifeng.com%2Fv%2Fnews%2Fzmljd%2Findex.shtml%3F_v_rec2%2301737104-03b9-4520-b902-478945697045",15
"58","1422461032752_vppebd7844","http%3A%2F%2Fv.ifeng.com%2Fv%2Fmyjwj2052%2Findex.shtml%3F_v_www4%23016c23d6-603f-4df6-963a-a7b5d0001716",2
"59","1422579768175_9jzkeh1619","http%3A%2F%2Fv.ifeng.com%2Fv%2Fnews%2Fmgxsjdz%2Findex.shtml%23013b094e-909f-48dc-a85d-f36642070587",10
"60","1422682913036_khnokv7147","http%3A%2F%2Fv.ifeng.com%2Fv%2Fnews%2Fmgxsjdz%2Findex.shtml%23013b094e-909f-48dc-a85d-f36642070587",5
"61","1422787292875_ef807r3339","http%3A%2F%2Fv.ifeng.com%2Fv%2Fnews%2Fzmljd%2Findex.shtml%2301737104-03b9-4520-b902-478945697045",9
"62","1422971141504_mecj8c864","http%3A%2F%2Fv.ifeng.com%2Fv%2Fnews%2Fmgxsjdz%2Findex.shtml%23013b094e-909f-48dc-a85d-f36642070587",29
"63","1423056225250_qdr34w452","http%3A%2F%2Fv.ifeng.com%2Fv%2Fent%2Frwzbs%2Findex.shtml%3F_v_www4%2301fa280b-d302-400b-af19-d14146e763ee",6
"64","1423731297666_3wi30m4043","http%3A%2F%2Fv.ifeng.com%2Fv%2Fnews%2Fmgxsjdz%2Findex.shtml%3F_v_rec2%23013b094e-909f-48dc-a85d-f36642070587",16
"65","1423785460594_7eq4ky601","http%3A%2F%2Fv.ifeng.com%2Fv%2Fnews%2Fzmljd%2Findex.shtml%3F_v_rec2%2301737104-03b9-4520-b902-478945697045",22
"66","1424134315796_701fvw5682","http%3A%2F%2Fv.ifeng.com%2Fv%2Fmil%2Fzghjzx%2Findex.shtml%3F_v_www4%230192f0f7-64d0-49e2-a8b0-8ed57f6b77ce",10
"67","1424223681703_tgrf841484","http%3A%2F%2Fv.ifeng.com%2Fv%2Fnews%2Fmgxsjdz%2Findex.shtml%23013b094e-909f-48dc-a85d-f36642070587",99
"68","1424858841889_tira976151","http%3A%2F%2Fv.ifeng.com%2Fv%2Fnews%2Fzmljd%2Findex.shtml%3F_v_www4%2301737104-03b9-4520-b902-478945697045",9
"69","1425865674753_23jb6o5196","http%3A%2F%2Fv.ifeng.com%2Fv%2Fmil%2Fzghjzx%2Findex.shtml%3F_v_www4%230192f0f7-64d0-49e2-a8b0-8ed57f6b77ce",12
"70","1425871018964_5d4vr29032","http%3A%2F%2Fv.ifeng.com%2Fv%2Fmyjwj2052%2Findex.shtml%3F_v_www4%23016c23d6-603f-4df6-963a-a7b5d0001716",8
"71","1426210246482_lxm0rp8657","http%3A%2F%2Fv.ifeng.com%2Fv%2Fnews%2Fzmljd%2Findex.shtml%3F_v_rec2%2301737104-03b9-4520-b902-478945697045",3
"72","1426774879414_n6ulxk6519","http%3A%2F%2Fv.ifeng.com%2Fv%2Fnews%2Fzmljd%2Findex.shtml%3F_v_www4%2301737104-03b9-4520-b902-478945697045",14
"73","1427013545807_koq0dw5820","http%3A%2F%2Fv.ifeng.com%2Fv%2Fnews%2Fmgxsjdz%2Findex.shtml%23013b094e-909f-48dc-a85d-f36642070587",105
"74","1427190196629_ppg5uj9933","http%3A%2F%2Fv.ifeng.com%2Fv%2Fnews%2Fmgxsjdz%2Findex.shtml%3F_v_rec2%23013b094e-909f-48dc-a85d-f36642070587",7
"75","1427273494665_hw2fb92106","http%3A%2F%2Fv.ifeng.com%2Fv%2Fnews%2Fzmljd%2Findex.shtml%3F_v_rec2%2301737104-03b9-4520-b902-478945697045",8
"76","1427684072937_2p1x0m4395","http%3A%2F%2Fv.ifeng.com%2Fv%2Fent%2Frwzbs%2Findex.shtml%3F_v_www4%2301fa280b-d302-400b-af19-d14146e763ee",12
"77","1427704795344_o3ydvb2676","http%3A%2F%2Fv.ifeng.com%2Fv%2Fvblog%2F2015May%2Findex.shtml",17
"78","1427760981646_9gkuqs7994","http%3A%2F%2Fv.ifeng.com%2Fv%2Fnews%2Fmgxsjdz%2Findex.shtml%23013b094e-909f-48dc-a85d-f36642070587",22
"79","1427858846023_7nb1ro3065","http%3A%2F%2Fv.ifeng.com%2Fv%2Fnews%2Fzmljd%2Findex.shtml%3F_v_www4%2301737104-03b9-4520-b902-478945697045",10
"80","1428639950017_l02gzn7972","http%3A%2F%2Fv.ifeng.com%2Fv%2Fnews%2Fmgxsjdz%2Findex.shtml%23013b094e-909f-48dc-a85d-f36642070587",8
"81","1428650641953_g5ksa98409","http%3A%2F%2Fv.ifeng.com%2Fv%2Fnews%2Fmgxsjdz%2Findex.shtml%23013b094e-909f-48dc-a85d-f36642070587",13
"82","1428837284578_ulki806836","http%3A%2F%2Fv.ifeng.com%2Fv%2Fent%2Frwzbs%2Findex.shtml%3F_v_www4%2301fa280b-d302-400b-af19-d14146e763ee",28
"83","1428934170964_ctvq4h7199","http%3A%2F%2Fv.ifeng.com%2Fv%2Fent%2Fwwxjk%2Findex.shtml%3F_v_www4%23017191c1-5bc7-4052-ab13-f0fb15c04841",9
"84","1429183966092_kk4imy8282","http%3A%2F%2Fv.ifeng.com%2Fv%2Fmil%2Fzgsmzj%2Findex.shtml%3F_v_www4%23012dca6c-9b83-4d74-a1a7-af060350a936",7
"85","1429236126984_263yv9924","http%3A%2F%2Fv.ifeng.com%2Fv%2Fnews%2Fzmljd%2Findex.shtml%2301737104-03b9-4520-b902-478945697045",13
"86","1429319514609_ws2kiy9651","http%3A%2F%2Fv.ifeng.com%2Fv%2Fnews%2Fmgxsjdz%2Findex.shtml%23013b094e-909f-48dc-a85d-f36642070587",2
"87","1429614338069_ii79t79859","http%3A%2F%2Fv.ifeng.com%2Fv%2Fnews%2Fzmljd%2Findex.shtml%3F_v_www4%2301737104-03b9-4520-b902-478945697045",16
"88","1429661526798_uba0b46497","http%3A%2F%2Fv.ifeng.com%2Fv%2Fent%2Frwzbs%2Findex.shtml%3F_v_www4%2301fa280b-d302-400b-af19-d14146e763ee",15
"89","1429674967765_k5szil5520","http%3A%2F%2Fv.ifeng.com%2Fv%2Fnews%2Fmgxsjdz%2Findex.shtml%23013b094e-909f-48dc-a85d-f36642070587",9
"90","1429682423417_brrg0d902","http%3A%2F%2Fv.ifeng.com%2Fv%2Fnews%2Fmgxsjdz%2Findex.shtml%23013b094e-909f-48dc-a85d-f36642070587",42
"91","1429760665409_illwcy9084","http%3A%2F%2Fv.ifeng.com%2Fv%2Fmil%2Fzgsmzj%2Findex.shtml%3F_v_www4%23012dca6c-9b83-4d74-a1a7-af060350a936",7
"92","1429939510374_1nv24e6510","http%3A%2F%2Fv.ifeng.com%2Fv%2Fmil%2Fzgsmzj%2Findex.shtml%3F_v_www4%23012dca6c-9b83-4d74-a1a7-af060350a936",37
"93","1430103137388_ack79e5925","http%3A%2F%2Fv.ifeng.com%2Fv%2Fent%2Fsbnlq%2Findex.shtml%3F_v_www4%2301f8739a-7031-44ff-b938-9c0258987e16",11
"94","1430110409195_alezy7701","http%3A%2F%2Fv.ifeng.com%2Fv%2Fnews%2Fmgxsjdz%2Findex.shtml%23013b094e-909f-48dc-a85d-f36642070587",11
"95","1430320622329_ebq27k4472","http%3A%2F%2Fv.ifeng.com%2Fv%2Fmil%2Fzghjzx%2Findex.shtml%3F_v_rec2%230192f0f7-64d0-49e2-a8b0-8ed57f6b77ce",15
"96","1430580767939_i17c2s4180","http%3A%2F%2Fv.ifeng.com%2Fv%2Fnews%2Fmgxsjdz%2Findex.shtml%3F_v_rec2%23013b094e-909f-48dc-a85d-f36642070587",6
"97","1430617298911_sp5ygb7383","http%3A%2F%2Fv.ifeng.com%2Fv%2Fnews%2Fzmljd%2Findex.shtml%3F_v_www4%2301737104-03b9-4520-b902-478945697045",27
"98","1430744446241_i6w13n1273","http%3A%2F%2Fv.ifeng.com%2Fv%2Fnews%2Fabzzdy%2Findex.shtml%3F_v_rec2%23012fc8cd-8eed-4e2d-82d4-aa247e781e5f",16
"99","1430797044031_cc9r7x5012","http%3A%2F%2Fv.ifeng.com%2Fv%2Fnews%2Fmgxsjdz%2Findex.shtml%23013b094e-909f-48dc-a85d-f36642070587",9
"100","1430837076261_6ncebo960","http%3A%2F%2Fv.ifeng.com%2Fv%2Fnews%2Fmgxsjdz%2Findex.shtml%23013b094e-909f-48dc-a85d-f36642070587",12
"101","1431001626328_kpv57y7917","http%3A%2F%2Fv.ifeng.com%2Fv%2Fmil%2Fzgsmzj%2Findex.shtml%3F_v_www4%23012dca6c-9b83-4d74-a1a7-af060350a936",7
"102","1431047975775_t3tm3j5433","http%3A%2F%2Fv.ifeng.com%2Fv%2Fnews%2Fzmljd%2Findex.shtml%2301737104-03b9-4520-b902-478945697045",31
"103","1431088935226_468smk7324","http%3A%2F%2Fv.ifeng.com%2Fv%2Fent%2Fwwxjk%2Findex.shtml%3F_v_www4%23017191c1-5bc7-4052-ab13-f0fb15c04841",7
"104","1431124231095_iv74jy8355","http%3A%2F%2Fv.ifeng.com%2Fv%2Fnews%2Fmgxsjdz%2Findex.shtml%23013b094e-909f-48dc-a85d-f36642070587",11
"105","1431248635442_yfs3sc8717","http%3A%2F%2Fv.ifeng.com%2Fv%2Fent%2Frwzbs%2Findex.shtml%3F_v_www4%2301fa280b-d302-400b-af19-d14146e763ee",17
"106","1431300359703_dfqsmx4202","http%3A%2F%2Fv.ifeng.com%2Fv%2Fmil%2Fzgsmzj%2Findex.shtml%3F_v_www4%23012dca6c-9b83-4d74-a1a7-af060350a936",9
"107","1431300770929_ic3szi7193","http%3A%2F%2Fv.ifeng.com%2Fv%2Fnews%2Fzmljd%2Findex.shtml%3F_v_www4%2301737104-03b9-4520-b902-478945697045",12
"108","1431342092078_s8l8ra3091","http%3A%2F%2Fv.ifeng.com%2Fv%2Fnews%2Fmgxsjdz%2Findex.shtml%3F_v_rec2%23013b094e-909f-48dc-a85d-f36642070587",22
"109","1431349313813_mq59fd8525","http%3A%2F%2Fv.ifeng.com%2Fv%2Fnews%2Fzmljd%2Findex.shtml%3F_v_www4%2301737104-03b9-4520-b902-478945697045",9
"110","1431475607413_99xspd6929","http%3A%2F%2Fv.ifeng.com%2Fv%2Fnews%2Fzmljd%2Findex.shtml%3F_v_www4%2301737104-03b9-4520-b902-478945697045",13
"111","1431509508599_nukue19500","http%3A%2F%2Fv.ifeng.com%2Fv%2Fmil%2Fzghjzx%2Findex.shtml%3F_v_www4%230192f0f7-64d0-49e2-a8b0-8ed57f6b77ce",7
"112","1431579718671_qpeni82119","http%3A%2F%2Fv.ifeng.com%2Fv%2Fent%2Frwzbs%2Findex.shtml%3F_v_www4%2301fa280b-d302-400b-af19-d14146e763ee",9
"113","1431651604502_f7a8kd898","http%3A%2F%2Fv.ifeng.com%2Fv%2Fmil%2Fzgsmzj%2Findex.shtml%3F_v_rec2%23012dca6c-9b83-4d74-a1a7-af060350a936",17
"114","1431697276029_n600b7247","http%3A%2F%2Fv.ifeng.com%2Fv%2Fnews%2Fmgxsjdz%2Findex.shtml%23013b094e-909f-48dc-a85d-f36642070587",12
"115","1431733913890_b0dtj25683","http%3A%2F%2Fv.ifeng.com%2Fv%2Fmil%2Fzsjyl%2Findex.shtml%3F_v_www4%2301dd7685-db00-4663-818f-a05394b8b9cc",5
"116","1431863531767_xbdbv04792","http%3A%2F%2Fv.ifeng.com%2Fv%2Fent%2Frwzbs%2Findex.shtml%3F_v_www4%2301fa280b-d302-400b-af19-d14146e763ee",10
"117","1431903480500_j9zs3h3779","http%3A%2F%2Fv.ifeng.com%2Fv%2Fmil%2Fzgsmzj%2Findex.shtml%3F_v_www4%23012dca6c-9b83-4d74-a1a7-af060350a936",16
"118","1431936254250_py7qbc823","http%3A%2F%2Fv.ifeng.com%2Fv%2Fnews%2Fzmljd%2Findex.shtml%3F_v_www4%2301737104-03b9-4520-b902-478945697045",14
"119","1431940302859_pt0bwt9724","http%3A%2F%2Fv.ifeng.com%2Fv%2Fmil%2Fzghjzx%2Findex.shtml%3F_v_www4%230192f0f7-64d0-49e2-a8b0-8ed57f6b77ce%26sangforflashlocalpage%3Dtrue",15
"120","1432024455626_5h6i3a5471","http%3A%2F%2Fv.ifeng.com%2Fv%2Fmil%2Fzsjyl%2Findex.shtml%3F_v_www4%2301dd7685-db00-4663-818f-a05394b8b9cc",19
"121","1432048408379_447n3m3844","http%3A%2F%2Fv.ifeng.com%2Fv%2Fmil%2Fzghjzx%2Findex.shtml%3F_v_rec2%230192f0f7-64d0-49e2-a8b0-8ed57f6b77ce",19
"122","1432092878837_tg2csq8693","http%3A%2F%2Fv.ifeng.com%2Fv%2Fmil%2Fzghjzx%2Findex.shtml%3F_v_www4%230192f0f7-64d0-49e2-a8b0-8ed57f6b77ce",11
"123","1432106365562_3caqes5321","http%3A%2F%2Fv.ifeng.com%2Fv%2Fmil%2Fzghjzx%2Findex.shtml%3F_v_www4%230192f0f7-64d0-49e2-a8b0-8ed57f6b77ce",8
"124","1432112001203_sl2jo68175","http%3A%2F%2Fv.ifeng.com%2Fv%2Fmil%2Fzgsmzj%2Findex.shtml%3F_v_www4%23012dca6c-9b83-4d74-a1a7-af060350a936",12
"125","1432161581385_lqwawn7758","http%3A%2F%2Fv.ifeng.com%2Fv%2Fnews%2Fmgxsjdz%2Findex.shtml%23013b094e-909f-48dc-a85d-f36642070587",17
"126","1432174541217_9iztd96711","http%3A%2F%2Fv.ifeng.com%2Fv%2Fmil%2Fzgsmzj%2Findex.shtml%3F_v_www4%23012dca6c-9b83-4d74-a1a7-af060350a936",12
"127","1432178809385_5h5k5j7517","http%3A%2F%2Fv.ifeng.com%2Fv%2Fmyjwj2052%2Findex.shtml%3F_v_www4%23016c23d6-603f-4df6-963a-a7b5d0001716",8
"128","1432179514619_reo9rq8599","http%3A%2F%2Fv.ifeng.com%2Fv%2Fnews%2Fzmljd%2Findex.shtml%3F_v_www4%2301737104-03b9-4520-b902-478945697045",38
"129","1432180593707_tjuiwa1925","http%3A%2F%2Fv.ifeng.com%2Fv%2Fmil%2Fzgsmzj%2Findex.shtml%3F_v_www4%23012dca6c-9b83-4d74-a1a7-af060350a936",4
"130","1432184214956_6acht63379","http%3A%2F%2Fv.ifeng.com%2Fv%2Fmil%2Fzgsmzj%2Findex.shtml%3F_v_www4%23012dca6c-9b83-4d74-a1a7-af060350a936",16
"131","1432187331078_h2a2td4748","http%3A%2F%2Fv.ifeng.com%2Fv%2Fent%2Frwzbs%2Findex.shtml%3F_v_www4%2301fa280b-d302-400b-af19-d14146e763ee",12
"132","1432193924857_ewexdh1131","http%3A%2F%2Fv.ifeng.com%2Fv%2Fmil%2Fzghjzx%2Findex.shtml%3F_v_rec2%230192f0f7-64d0-49e2-a8b0-8ed57f6b77ce",36
"133","1432198727488_9wv3od1474","http%3A%2F%2Fv.ifeng.com%2Fv%2Fmil%2Fzghjzx%2Findex.shtml%3F_v_rec2%230192f0f7-64d0-49e2-a8b0-8ed57f6b77ce",17
"134","1432209072218_ti6mt16198","http%3A%2F%2Fv.ifeng.com%2Fv%2Fent%2Fwwxjk%2Findex.shtml%3F_v_www4%23017191c1-5bc7-4052-ab13-f0fb15c04841",18
"135","1432211542890_roxecj9584","http%3A%2F%2Fv.ifeng.com%2Fv%2Fnews%2Fzmljd%2Findex.shtml%3F_v_www4%2301737104-03b9-4520-b902-478945697045",14
"136","1432214440326_sw2bj74588","http%3A%2F%2Fv.ifeng.com%2Fv%2Fnews%2Fmgxsjdz%2Findex.shtml%23013b094e-909f-48dc-a85d-f36642070587",26
"137","1432215601134_c89mxc3234","http%3A%2F%2Fv.ifeng.com%2Fv%2Fnews%2Fzmljd%2Findex.shtml%3F_v_rec2%2301737104-03b9-4520-b902-478945697045",10
"138","1432216175557_8q7fli63","http%3A%2F%2Fv.ifeng.com%2Fv%2Fmil%2Fzgsmzj%2Findex.shtml%3F_v_www4%23012dca6c-9b83-4d74-a1a7-af060350a936",3
"139","1432216427067_k7fmd59517","http%3A%2F%2Fv.ifeng.com%2Fv%2Fnews%2Fmgxsjdz%2Findex.shtml%3F_v_rec2%23013b094e-909f-48dc-a85d-f36642070587",1
